{"nodes":{"node:1842275737":{"location":{"x":288,"y":64}},"node:2443801765":{"location":{"x":0,"y":0}}},"selection":null,"view":{"scroll":{"x":-256.67254638671875,"y":-125.567527770996094},"zoom":1}}