{"nodes":{"node:821258264":{"location":{"x":0,"y":0}}},"selection":null,"view":{"scroll":{"x":-295.481781005859375,"y":-144.901275634765625},"zoom":0.75}}