{"nodes":{"node:1":{"location":{"x":-100,"y":102}},"node:6":{"location":{"x":-209,"y":214}}},"selection":["node:1","node:6"],"view":{"scroll":{"x":-539.3526611328125,"y":10.5380849838256836},"zoom":0.749999940395355225}}