{"nodes":{"node:1447060531":{"location":{"x":-334,"y":-3}},"node:2713738770":{"location":{"x":-368,"y":108}}},"selection":null,"view":{"scroll":{"x":-608.05255126953125,"y":-97.3525161743164062},"zoom":1.49999988079071045}}