{"nodes":{"node:1":{"location":{"x":-100,"y":-218}},"node:7":{"location":{"x":0,"y":0}},"node:9":{"location":{"x":156,"y":-169}}},"selection":null,"view":{"scroll":{"x":-141.979507446289062,"y":-424.32061767578125},"zoom":1.49999988079071045}}