{"nodes":{"node:2079058649":{"location":{"x":0,"y":0}}},"selection":null,"view":{"scroll":{"x":-375.27252197265625,"y":-171.96844482421875},"zoom":1.4999997615814209}}