{"nodes":{"node:14459705610983666355":{"location":{"x":-492,"y":-89}},"node:16055330051856054678":{"location":{"x":0,"y":0}}},"selection":null,"view":{"scroll":{"x":-436.408416748046875,"y":-211.279510498046875},"zoom":0.749999940395355225}}