{"nodes":{"node:1":{"location":{"x":-20,"y":75}}},"selection":null,"view":{"scroll":{"x":-97.2174835205078125,"y":-114.447463989257812},"zoom":1.49999988079071045}}