{"nodes":{"node:1":{"location":{"x":-100,"y":-218}},"node:6":{"location":{"x":154,"y":-170}}},"selection":null,"view":{"scroll":{"x":-141.979507446289062,"y":-424.32061767578125},"zoom":1.49999988079071045}}