{"nodes":{"node:1":{"location":{"x":0,"y":0}}},"selection":null,"view":{"scroll":{"x":-94.405242919921875,"y":-92.4859619140625},"zoom":1}}