{"nodes":{"node:1385687386":{"location":{"x":0,"y":0}}},"selection":["node:1385687386"],"view":{"scroll":{"x":-256.67254638671875,"y":-125.567527770996094},"zoom":1}}